Workbook

Sheet Attendance
A1: Date | B1: Time_start | C1: Time_end | D1: P1 | E1: P2 | F1: P3 | G1: P4
A2: 45243 | B2: 1100 | C2: 1200 | D2: Lana Sinapayen | E2: Jacopo Bertolotti | F2: Lio Hong
A3: 45264 | B3: 1300 | C3: 1430 | D3: Lana Sinapayen | E3: Jacopo Bertolotti | F3: Lio Hong | G3: Claus Aranha
A4: 45310 | B4: 1800 | C4: 1830 | D4: Lana Sinapayen | F4: Lio Hong | G4: Claus Aranha
A5: 45331 | B5: 1600 | C5: 1700 | D5: Lana Sinapayen | F5: Lio Hong | G5: Claus Aranha
A6: 45363 | B6: 1700 | C6: 1730 | D6: Lana Sinapayen | F6: Lio Hong

Sheet Papers
A1: Date | B1: Time_start | C1: Time_end | D1: P1 | E1: P2 | F1: P3 | G1: P4
A2: =Attendance!A2 -> 45243 | B2: =Attendance!B2 -> 1100 | C2: =Attendance!C2 -> 1200 | D2: 2023_Anagnou_The Effect of Noise on the Emergence of Continuous Norms and its Evolutionary Dynamics_2306.12345 | E2: 2023_Feng_NeuWS- Neural wavefront shaping for guidestar-free imaging through static and dynamic scattering media | F2: 2023_Colizzi_Evolution of genome fragility enables microbial division of labor
A3: =Attendance!A3 -> 45264 | B3: =Attendance!B3 -> 1300 | C3: =Attendance!C3 -> 1430 | D3: 2023_Papkou_A rugged yet easily navigable fitness landscape of antibiotic resistance_2023.02.27.530293v1.full | E3: 2020_Rafayelyan_Large-Scale Optical Reservoir Computing for Spatiotemporal Chaotic Systems Prediction_PhysRevX.10.041037 | F3: 2023_George_A single cryptomonad cell harbors a complex community of organelles, bacteria, a phage, and selfish elements | G3: NA
A4: =Attendance!A4 -> 45310 | B4: =Attendance!B4 -> 1800 | C4: =Attendance!C4 -> 1830 | D4: What groups of embryos know: toward a hyper-developmental biology | F4: 2023_Hanson_On being a Hydra with, and without, a nervous system- what do neurons add_s10071-023-01816-8 | G4: Evolved Open-Endedness in Cultural Evolution: A New Dimension in Open-Ended Evolution Research
A5: =Attendance!A5 -> 45331 | B5: =Attendance!B5 -> 1600 | C5: =Attendance!C5 -> 1700 | D5: 2023_Kauffman_Is the Emergence of Life an Expected Phase Transition in the Evolving Universe_2401.09514 | F5: 2023_Patten_Adaptation in the face of internal conflict- the paradox of the organism revisited | G5: 2020_Bartz-Beielstein_Benchmarking in Optimization- Best Practice and Open Issues_2007.03488
A6: =Attendance!A6 -> 45363 | B6: =Attendance!B6 -> 1700 | C6: =Attendance!C6 -> 1730 | D6: A retroviral link to vertebrate myelination through retrotransposon-RNA-mediated control of myelin gene expression | F6: 2024_Chaumeau_Identification of Southeast Asian Anopheles mosquito species using MALDI-TOF mass spectrometry_2024.03.04.583274v1.full
F8: 2023_Keeling_Openly available illustrations as tools to describe eukaryotic microbial diversity
F9: 2023_Medina_Evolving Flying Machines in Minecraft Using Quality Diversity_2302.00782
F10: 2023_Brooks_Taste Retargeting via Chemical Taste Modulators_2023-UIST-TasteRetargeting-AuthorCopy

Sheet Sharings
A1: Date | B1: Time_start | C1: Time_end | D1: P1 | E1: P2 | F1: P3 | G1: P4
A2: =Attendance!A2 -> 45243 | B2: =Attendance!B2 -> 1100 | C2: =Attendance!C2 -> 1200 | D2: Societies can tolerate high level of antisocial norms. | E2: AI offers solution of old problem, but no comparison to trad methods. | F2: Prokaryotes display division of labour normally seen in multicellular eukaryotes.
A3: =Attendance!A3 -> 45264 | B3: =Attendance!B3 -> 1300 | C3: =Attendance!C3 -> 1430 | D3: A population can easily traverse between different fitness peaks. | E3: Exploits natural scattering of light in media for reservoir computing. | F3: Multiple instances of endosymbiosis in a single cell resembles an ecosystem. | G3: NA
A4: =Attendance!A4 -> 45310 | B4: =Attendance!B4 -> 1800 | C4: =Attendance!C4 -> 1830 | D4: Morphogenetics | E4: Role of neurons in regeneration | G4: Cultural evolution as another case study besides biological evolution
A5: =Attendance!A5 -> 45331 | B5: =Attendance!B5 -> 1600 | C5: =Attendance!C5 -> 1700 | D5: Overview that was recommended but underwhelming | E5: Mechanisms of competition and organismal control | G5: Comparison of different algorithms
A6: =Attendance!A6 -> 45363 | B6: =Attendance!B6 -> 1700 | C6: =Attendance!C6 -> 1730 | D6: Viruses may be responsible for repeated evolution of myelination in jawed vertebrates | F6: MALDI-TOF for species identification in SEA
